"File","Bytes","SHA256"
"awc-browser-qa.cjs","3791","f0722b55c9039a460d0f8b884ee891be484c9ed49dfc720c16e457b72bf657ca"
"awc-interactions.cjs","5224","bd769f476acc2bb894a733b8e057ec99b8605f6e2fc09fa1c858fa34d0655604"
"awc-motion-check.cjs","1684","ceeafddb82102f5f586240a942ce2cc3336e24169d4827c9deea709e50ddcb0c"
"baseline-320.png","286845","ae36572cf8905f4ff24843647a2120c96a77ba50ff776d6fdcd3cafdfd799878"
"baseline-360.png","327629","4b1c0ed232ded3f358678a0117cee4333e4839c4cbaa26016bc0a87d8e4cd096"
"baseline-375.png","348537","2b2999c4a659c34db57dd203f18823c7ea907c55232832cb98b744a4ac79db3e"
"baseline-390.png","355747","19b65514ec1f11ea4c1a39f5d129c032a7a030319500bb42d00e26af87b26e61"
"baseline-430.png","379198","5eed69c0fd906ea03fde008871df5be05bce8947d9c2062228652eafc38700e4"
"baseline-768.png","576976","291524bc1439c2037c24a04cfc6f4314ae60fd0d5c8d9819a3e8895261cdecef"
"baseline-audit-320.png","61304","74992b6d4e44466ea920805afe317f6f6da9f7b17fc21cab89b0320da1f108e2"
"baseline-desktop.png","731732","188fe56d799bf3ab4e13b78223cd656d5ac17c327ab73a515be6c49fd9189dea"
"baseline-mobile-take02.contact-sheet.png","1768793","f82a0ab4bdc1b3d57df9b6cc32b9d1f66e23b8fb5ce46c98eed8c04262e3a2dc"
"baseline.contact-sheet.png","4043666","711f207e974008caeb03fd83239581dab56ed4e857065f1f2b13117762d19a67"
"final-audit-320.png","73127","13d3784850f0c583ca6fc5be188a5e830611ff26ad04086ec26678aa1620c4f8"
"final-dark-1440-full.png","2202200","7c9347c4b1b545ae4577e0c600ebfbeaf6052d17e1716bd112aabac2ecdb4bbb"
"final-dark-1440-hero.png","506842","80902233376365ddb480f1f8d8b181303e2992fc665180e00b609ef9a808adce"
"final-dark-1440-quote.png","124037","15e7ebeee9890ceb4e137a200bea4d555d759c406f58251c15e087d331cb25ba"
"final-dark-320-full.png","1247991","be797ad213100aef4406a154172692655ba75b688c9d0b1c6a636af4d2abab7c"
"final-dark-320-hero.png","234375","a23b895fe144f708d6f0cd6b1767d2fe4c4483c00fef14490d5b0f5be68dd166"
"final-dark-320-quote.png","61396","f8e3af7c876b88e7b46c0d9f74c3df7fa681608b35dffd571d9f21dcf6539896"
"final-dark-360-full.png","1334286","a5faefd11467d6f8bb6360e5f9a26704bfd55eda1282ef22de1281f833597350"
"final-dark-360-hero.png","251432","23673a735665c8fba6341db86dd046df4f9d3257cdb4e47bb334f27d3fa71806"
"final-dark-360-quote.png","70880","69e9446eb5a7063914e05e3565217c85b3deb00b6f9d4f5b25f1d96849ca151c"
"final-dark-375-full.png","1364748","50fb7d89c90ff2945d06f2d683e51dacc6e4a5bacf288c43efa82fa67d1d859f"
"final-dark-375-hero.png","258331","097ae5e0a7c47fe8836bac47782c9c79d9f4962be77e619964624e52e271643e"
"final-dark-375-quote.png","71123","5da7c4220f0cafa6e941527f8c9ff47683eb6d95dfcfa79b13cb8756a41f7c7a"
"final-dark-390-full.png","1394205","ca3d4dd4b9a33b6dd7f0e0577c0d73ff350ed6888bb903c023611db6c92ac547"
"final-dark-390-hero.png","265320","0f21af2c27d4441343b9f0c10935ded9ac10ce7b53b462accc08ba7da8977d34"
"final-dark-390-quote.png","72492","fcaa239a0d330fe94053c672ed6ca85f67d77f21a1beb4b7f3bf87a3175b0ad1"
"final-dark-430-full.png","1472164","4acacc96b9c5e1c9ecd619ac6900fbbe2e69fcfa29adadeb10714288e3738d54"
"final-dark-430-hero.png","278991","beb87e07fae0ee9b91ca11f7c17249960d4bf62d206345967d9ba08b47c93576"
"final-dark-430-quote.png","75202","3bbad7cb198928617854b276a0f9632f771cc2be3c8084ab6b84e9276692f446"
"final-dark-768-full.png","1941106","9b621f6c55dd277c7ef9bee2f2c65bbca55e290b65489033eaf21a328cdf7d77"
"final-dark-768-hero.png","373888","ee7fd45be7d1b7c21b26ef14ac999c7c39d17b18194f0c6942d788e6e06a9cd9"
"final-dark-768-quote.png","83969","9130c72d531d0d53b908a7e30d58b58fd81a1ac3bb4b1ecad3a0ebc7f45dd67f"
"final-desktop-normal-1440x1000.png","694500","6fb15add8d4099e03d1889a927e42df0c716691d4318997343a7b9f75429eb1a"
"final-footer-320.png","47025","9979939d825d17ae49bcea7e3380a94f5acc800d17ccc79c162cebe80a158b06"
"final-light-1440-full.png","2445231","695de4810b6c2ee54aafe0fc919758fc8916c07ca277483b2500dd4d013bdc68"
"final-light-1440-hero.png","677701","a212c194e5b334b7ad434a35e129d028e2f05d45bc4bb57080570814a57b73fa"
"final-light-1440-quote.png","135238","556eec63aaf330255fea97cca29920cb2ef07e5afaa1812b684347d4a94c0ac0"
"final-light-320-full.png","1322390","eee945bcd19f27d86d08373c6a263d34c195fe045a2e24af587056389eda2bf5"
"final-light-320-hero.png","246790","f08502ea6c214ffe170fb17ee874bc8dec0ab76945a1ed8f274921342e88549b"
"final-light-320-quote.png","65748","a3293ae40b9d7da23169ffd1e65d346fbb6f3970fe3d1ec3b1a695af5ff76d0c"
"final-light-360-full.png","1412321","a291572b7c9f1470225957a8b864de8e0bbb03580bde26cad6318fc89388c657"
"final-light-360-hero.png","265735","ed803cd8b69141284ca1a4d96788e03221c270fbce6ec3ac4db9a1d36747ebc4"
"final-light-360-quote.png","76234","4541889e52d3c841b9f30a8db7394875a4dbc15c7d8576e2e334b017968f5fd0"
"final-light-375-full.png","1442632","3fba59c446877384a03e6ea4b33d2b4f2a164b8cde94984bf5955baca94ac962"
"final-light-375-hero.png","274164","899337357725712cdceb0572c8e1c9ead7a6cae13fb2570e5117758dd260537e"
"final-light-375-quote.png","76674","8d60aeb82e1912c55445d213bc05fd10d507ab4537a173f51709c4e5c7c9c853"
"final-light-390-full.png","1473091","22e56f291d9c85a243c0862d24d53583479c1e8d45bdefce379fb5ecebda4566"
"final-light-390-hero.png","280660","27eb537043026a6ab1032ed0b76bf582c77389743e1e37653d191cffb4402723"
"final-light-390-quote.png","77307","123fa0ba7588a1cec265c0f4738576f0269c993f3ce3e057b998120cf49d8027"
"final-light-430-full.png","1554634","2d74fcff9c945ef2a143ed731a6c6082c365d9a4304fd84ab60b87f3b27332b5"
"final-light-430-hero.png","298777","99feb3b88eedff057ba1a32a14bc57343628ffe57c2ec26f4b4f1f50f4ea1cbc"
"final-light-430-quote.png","80535","a86da92a1c181e344c13ffe2527e273c5f2febd46f0090fd1365c182fc7d0cef"
"final-light-768-full.png","2113559","152fb201a145e718ccbff187e5daad89e8241d5c782b27c7ea50ced170d27c63"
"final-light-768-hero.png","483364","6b419e5c854ee72c2620d7d72fa0a28ae24058a76fa6cdcd6842368067da64ee"
"final-light-768-quote.png","90635","abf0d71a051fbfebf3cb3e928a7b0c0330fd4848abddc7e68f232644d491ff3e"
"final-modal-320.png","153530","554b3a356e71b0f85ed765b25a249012b42e2265f5f779cf8680ffa46b4f2c64"
"final-modal-light-320.png","143517","bdb6b4bf9a06e4fbe304dcb6c2b4bcbd3585ba14f1102d0f1a572ac73911edca"
"final-quote-normal-motion-390.png","70494","305e32a702f4da9abb9a287cdaafbf54b0c015ac1b07805d112670db14cf15d9"
"qa-dark.json","2010","e81e5580b5df7403217de8d638d042a2fa4a7fca6d9a86e2b0699836547ba482"
"qa-interactions.json","2066","705ba8fe606784fa00ac165a1ee66a4b69c023ed0d9191b5d30d7d3c7f987844"
"qa-light.json","2017","04eda0717cc7fcaa22316d247ae59d2e29482e9a04aaa3f22832dc523385edc0"
"qa-motion.json","150","a92e48163b37ae7f941d3bfc0398d110c79d7949b27d3262a286c75e2d901a6d"
"review-audit-light-desktop.png","115051","f799d305130b1479a9a32d277898e8ae9ae035dfb3086e5e7cce7e7016fc1cd7"
"review-light-hero.png","476728","eb720c8e52aef06ee0766d3515f588f36615057782b2adb1e8da59c7d5d13d46"
